feature,best_lag,p_value
BTC-USD_low,2,0.00993184921126023
BTC-USD_open,2,0.04187219473609296
btc_close,1,0.0486537481906945
BTC-USD_high,1,0.0515556626065828
nasdaq,1,0.11439518688674125
BTC-USD_volume,6,0.1170347239202893
us10y,2,0.18424328364131767
gold,1,0.2612530171226301
m2_supply,1,0.2944386640565374
dxy,2,0.5943050882069156
fear_greed_index,1,0.662303675909721
