feature,best_lag,p_value
BTC-USD_low,2,0.010090845231415308
BTC-USD_open,2,0.044330545026698386
btc_close,1,0.04943500948760886
BTC-USD_high,1,0.05241358561993486
nasdaq,1,0.11769373322784425
BTC-USD_volume,6,0.12561047502281586
us10y,2,0.18467400422597663
gold,1,0.267769166940531
m2_supply,1,0.2996297541438716
dxy,2,0.5888158817105134
fear_greed_index,1,0.6546543284384871
